{
  "model_name": "xgboost",
  "model_file": "production_xgboost_20251003_000025.joblib",
  "feature_columns": [
    "series_test_1_percentage",
    "series_test_2_percentage",
    "lab_internal_percentage",
    "average_internal_percentage",
    "subject_type_encoded",
    "semester",
    "attendance_percentage"
  ],
  "metrics": {
    "mae": 3.987037975964547,
    "mse": 26.190456549711232,
    "rmse": 5.117661238271954,
    "r2_score": 0.8534504657839764,
    "accuracy_within_10_percent": 0.7466,
    "training_time_seconds": 1.88382,
    "training_samples": 90000,
    "test_samples": 10000
  },
  "is_best_model": false,
  "training_timestamp": "20251003_000025",
  "model_version": "2.0.0",
  "feature_importance": {
    "series_test_1_percentage": 0.08992689847946167,
    "series_test_2_percentage": 0.04597428813576698,
    "lab_internal_percentage": 0.024239549413323402,
    "average_internal_percentage": 0.8111745119094849,
    "subject_type_encoded": 0.013431896455585957,
    "semester": 0.006868510972708464,
    "attendance_percentage": 0.008384459652006626
  }
}